-- phpMyAdmin SQL Dump
-- version 5.2.1
-- https://www.phpmyadmin.net/
--
-- Host: localhost
-- Generation Time: Feb 01, 2024 at 06:58 PM
-- Server version: 10.4.28-MariaDB
-- PHP Version: 8.2.4

SET SQL_MODE = "NO_AUTO_VALUE_ON_ZERO";
START TRANSACTION;
SET time_zone = "+00:00";


/*!40101 SET @OLD_CHARACTER_SET_CLIENT=@@CHARACTER_SET_CLIENT */;
/*!40101 SET @OLD_CHARACTER_SET_RESULTS=@@CHARACTER_SET_RESULTS */;
/*!40101 SET @OLD_COLLATION_CONNECTION=@@COLLATION_CONNECTION */;
/*!40101 SET NAMES utf8mb4 */;

--
-- Database: `plsres`
--
CREATE DATABASE IF NOT EXISTS `plsres` DEFAULT CHARACTER SET utf8mb4 COLLATE utf8mb4_general_ci;
USE `plsres`;

-- --------------------------------------------------------



INSERT INTO `course` (`id`, `type`) VALUES
('EL21', 'elec'),
('EL22', 'elec'),
('IF1', 'info'),
('IF2', 'info'),
('IF3A', 'info'),
('IF3B', 'info'),
('LO21', 'info'),
('LP25', 'info'),
('LP2A', 'info'),
('LP2B', 'info'),
('MT1', 'math'),
('MT2', 'math'),
('MT28', 'math'),
('MT3', 'math'),
('PM1', 'math'),
('PS1', 'elec'),
('PS2', 'meca'),
('PS22', 'elec'),
('PS25', 'meca'),
('PS27', 'meca'),
('SQ20', 'math');

--
-- Dumping data for table `announcement`
--

INSERT INTO `announcement` (`id`, `title`, `content`, `datetime`) VALUES
(1, 'Nouveau semestre et reprise !', '<h5>Bonjour à toutes et à tous !</h5> <br>\n\n\n            C\'est l\'heure ! <br><br>\n\n            Envie de traverser l\'océan pour remplir ton CV tout blanc ? <br>\n            Envie de t\'ouvrir à d\'autres domaines parce que t\'en as assez de l\'espace Schengen ?\n            <br>\n            Envie de doubler ton diplôme pour viser mieux qu\'un toit de chaume ? <br><br>\n\n            <strong>Le PL$tek t\'apporte les réponses sur les DD et SEE au CANADA 🇨🇦\n                !</strong><br><br>\n\n            Rejoins-nous MARDI à 19h00 pour charbonner ton prochain programme d\'études <br><br>\n\n            <strong>Au menu :</strong>\n            <ul>\n                <li>M\'engager dans un Double Diplôme : En suis-je capable ?</li>\n                <li>Quelques opportunités de DD et de SEE au Canada 🇨🇦</li>\n                <li>Témoignages de vaillants explorateurs !</li>\n                <li>Comment me lancer au DD ?</li>\n                <li>Séance Q&A</li>\n            </ul>\n\n            Il est grand temps ! <br>\n            A tantôt ! <br>\n            Le melon d\'eau <br>', 1693815199),
(2, 'Annonce de test', 'Ceci est une annonce de test\n\nLe site arrive bientot', 1696452063),
(3, 'Annonce 1', '<p>Lorem ipsum dolor sit amet, consectetur adipiscing elit. Mauris venenatis a nisl vitae tempor. Morbi sit amet molestie nibh, ut dapibus velit. Vestibulum eu purus in ipsum commodo accumsan sit amet sit amet sem. Fusce congue eros eu ante placerat, eget ultrices turpis blandit. Proin ultrices purus sed tincidunt congue. Fusce fringilla nunc et ex sodales dignissim. Aliquam cursus tincidunt orci vel vestibulum. In vitae finibus leo. Integer ut rhoncus tellus. Sed facilisis erat et risus cursus vulputate. Sed porttitor nunc ipsum, dignissim efficitur turpis suscipit a.</p>', 1704296131),
(4, 'Annonce 2', 'Vivamus mollis felis sem, vel volutpat urna suscipit a. Suspendisse potenti. Quisque non convallis quam. Maecenas ac aliquet orci. Vivamus eget pulvinar velit, tempor viverra tellus. Pellentesque purus sem, volutpat id nisi ac, congue placerat nisl. Aliquam erat volutpat. Pellentesque eu diam at nibh elementum bibendum. Quisque in orci id sem tincidunt pulvinar. Pellentesque in turpis nisi. Phasellus ullamcorper a lorem et bibendum. Cras et auctor enim. Integer sem justo, mollis non efficitur ut, tincidunt vitae turpis. Nulla id eleifend arcu, eu cursus tortor. Suspendisse orci nulla, fringilla sed odio vitae, laoreet placerat lectus. Nullam feugiat, mauris nec eleifend tincidunt, elit odio tristique purus, sit amet sodales libero erat nec arcu.', 1701445043),
(5, 'Annonce 3', 'Praesent viverra mi nec tempor mollis. Pellentesque vehicula, massa in lacinia tincidunt, sapien quam tincidunt est, nec posuere turpis sem eget magna. Nulla sem nunc, mollis eget rutrum non, hendrerit ac justo. Donec eleifend tempor lectus bibendum tincidunt. Nam egestas mi id eros fringilla scelerisque. Donec tortor justo, aliquet ut leo a, convallis pharetra diam. Suspendisse potenti.\r\n\r\n', 1700753860);

-- --------------------------------------------------------


--
-- Dumping data for table `charbon`
--

INSERT INTO `charbon` (`id`, `title`, `description`, `datetime`, `duration`, `course_id`, `replay_link`) VALUES
(49, 'Révisions CC1 de P', 'On révise les notions du CC !', 1702148400, NULL, 'PM1', 'https://youtube.com/watch'),
(53, 'Révisions bases de données', 'On revoit le SQl basique', 1705429800, NULL, 'IF3A', NULL),
(54, 'On revoit le CC2', 'Révision des notions du CC2 ensemble', 1704223800, NULL, 'PS22', 'https://youtube.com/watch'),
(55, 'Charbon de test', 'Charbon pour tester', 1706727600, NULL, 'PS25', NULL),
(57, 'Test', 'aaaaaaaaaaa', 1706722140, NULL, 'EL22', NULL),
(58, 'Charbon test', 'Jjjjjjjjjjjajj', 887978976, NULL, 'LP2B', ''),
(59, 'Révisions CC1 de PM', 'On révise les notions du CC !', 1702148400, NULL, 'PM1', ''),
(60, 'Révisions CC1', 'On révise les notions de C', 1702148400, NULL, 'IF2', ''),
(63, 'Révisions CC1 de UWU', 'On révise les notions du CC !', 1702148400, 2945, 'PM1', 'https://www.youtube.com/watch?v=j4WN8EV9_d8'),
(64, 'Révisions CC1 de UWU', 'On révise les notions du CC !', 1702148400, 2945, 'PM1', 'https://www.youtube.com/watch?v=j4WN8EV9_d8'),
(65, 'Révisions CC1 de UWU', 'On révise les notions du CC !', 1702148400, 2945, 'PM1', 'https://www.youtube.com/watch?v=j4WN8EV9_d8'),
(66, 'Révisions CC1 de UWU', 'On révise les notions du CC !', 1702148400, 2945, 'PM1', 'https://www.youtube.com/watch?v=j4WN8EV9_d8'),
(67, 'Révisions CC1 de UWU', 'On révise les notions du CC !', 1702148400, 2945, 'PM1', 'https://www.youtube.com/watch?v=j4WN8EV9_d8'),
(68, 'Révisions CC1 de UWU', 'On révise les notions du CC !', 1702148400, 2945, 'PM1', 'https://www.youtube.com/watch?v=j4WN8EV9_d8'),
(69, 'Révisions CC1 de UWU', 'On révise les notions du CC !', 1702148400, 57468, 'PM1', 'https://www.youtube.com/watch?v=nLRL_NcnK-4'),
(70, 'Révisions CC1 de UWU', 'On révise les notions du CC !', 1702148400, 57468, 'PM1', 'https://www.youtube.com/watch?v=nLRL_NcnK-4'),
(71, 'Révisions CC1 de UWU', 'On révise les notions du CC !', 1702148400, 57468, 'PM1', 'https://www.youtube.com/watch?v=nLRL_NcnK-4'),
(72, 'Révisions CC1 de UWU', 'On révise les notions du CC !', 1702148400, 57468, 'PM1', 'https://www.youtube.com/watch?v=nLRL_NcnK-4'),
(73, 'Révisions CC1 de UWU', 'On révise les notions du CC !', 1702148400, 57468, 'PM1', 'https://www.youtube.com/watch?v=nLRL_NcnK-4'),
(74, 'Révisions CC1 de UWU', 'On révise les notions du CC !', 1702148400, 57468, 'PM1', 'https://www.youtube.com/watch?v=nLRL_NcnK-4'),
(77, 'Révisions CC1 de UWU', 'On révise les notions du CC !', 1702148400, 57468, 'PM1', 'https://www.youtube.com/watch?v=nLRL_NcnK-4'),
(78, 'Révisions CC1 de UWU', 'On révise les notions du CC !', 1702148400, 57468, 'PM1', 'https://www.youtube.com/watch?v=nLRL_NcnK-4'),
(87, 'Révisions CC1 de UWU', 'On révise les notions du CC !', 1702148400, 57468, 'PM1', 'https://www.youtube.com/watch?v=nLRL_NcnK-4'),
(88, 'Révisions CC1 de UWU', 'On révise les notions du CC !', 1702148400, 57468, 'PM1', 'https://www.youtube.com/watch?v=nLRL_NcnK-4'),
(90, 'Révisions CC1 de', 'On révise les notions du CC', 1702148400, 57468, 'PS1', 'https://www.youtube.com/watch?v=nLRL_NcnK-4'),
(91, 'Révisions CC1 de UWU', 'On révise les notions du CC !', 1702148400, 57468, 'PM1', 'https://www.youtube.com/watch?v=nLRL_NcnK-4'),
(92, 'Révisions CC1 de UWU', 'On révise les notions du CC !', 1702148400, 57468, 'PM1', 'https://www.youtube.com/watch?v=nLRL_NcnK-4'),
(93, 'Révisions CC1 de UWU', 'On révise les notions du CC !', 1702148400, 57468, 'PM1', 'https://www.youtube.com/watch?v=nLRL_NcnK-4'),
(94, 'Révisions CC1 de UWU', 'On révise les notions du CC', 1702148400, 57468, 'PM1', 'https://www.youtube.com/watch?v=nLRL_NcnK-4'),
(95, 'Révisions CC1 de UWU', 'On révise les notions du CC', 1702148400, 57468, 'PM1', 'https://www.youtube.com/watch?v=nLRL_NcnK-4'),
(96, 'Révisions CC1 de UWU', 'On révise les notions du CC', 1702148400, 57468, 'PM1', 'https://www.youtube.com/watch?v=nLRL_NcnK-4'),
(97, 'Révisions CC1 de UWU', 'On révise les notions du CC', 1702148400, 57468, 'PM1', 'https://www.youtube.com/watch?v=nLRL_NcnK-4'),
(98, 'Révisions CC1 de UWU', 'On révise les notions du CC', 1702148400, 57468, 'PM1', 'https://www.youtube.com/watch?v=nLRL_NcnK-4'),
(99, 'Révisions CC1 de UWU', 'On révise les notions du CC', 1702148400, 57468, 'PM1', 'https://www.youtube.com/watch?v=nLRL_NcnK-4'),
(101, 'Révisions CC1 de UWU', 'On révise les notions du CC', 1702148400, 57468, 'PM1', 'https://www.youtube.com/watch?v=nLRL_NcnK-4'),
(102, 'tEST', 'Une description', 1705596600, 741, 'IF2', 'https://www.youtube.com/watch?v=J7nnDAlv6Gc'),
(103, 'AAAAAAA', 'Descriptionf ', 1705683180, 741, 'PS25', 'https://www.youtube.com/watch?v=J7nnDAlv6Gc'),
(104, 'PPPPPPPPPPPPPPPPp', 'Descriptionsdf', 1706720040, NULL, 'IF2', NULL);

-- --------------------------------------------------------

INSERT INTO `user` (`id`, `username`, `email`, `password_hash`, `is_actionneur`, `is_admin`) VALUES
(1, 'Admin', 'admin@utbm.fr', '$2y$10$SvGeVi2BSsvSivR55PGmI.xpzuPfXWAIaCmtC.6cxbhDUjdDciIkW', 1, 1),
(34, 'Vertonox', 'jean.charles@utbm.fr', '$2y$10$SvGeVi2BSsvSivR55PGmI.xpzuPfXWAIaCmtC.6cxbhDUjdDciIkW', 1, 0),
(35, 'Loopy', 'nathan.pretendu@utbm.fr', '$2y$10$SvGeVi2BSsvSivR55PGmI.xpzuPfXWAIaCmtC.6cxbhDUjdDciIkW', 1, 0),
(36, 'Tax', 'amelie.tronque@utbm.fr', '$2y$10$SvGeVi2BSsvSivR55PGmI.xpzuPfXWAIaCmtC.6cxbhDUjdDciIkW', 1, 0),
(37, 'AAAAAAAAAAAAAAA', 'roberdsdt@utbm.fr', '$2y$10$aXI72n2vB78t6UIf/WliYuCnOYQZ6dHgf/..4nNNBqJB2t3zfH0/.', 0, 0),
(38, 'Robert', 'robert@utbm.fr', '$2y$10$BPbGfEvW6AjrZrpExHX21uo932AtUZJDHDXlV.9JIxFgP0cWfWXz.', 0, 0),
(39, 'kkkkkkkkk', 'aaa@utbm.fr', '$2y$10$gc4pC5MEUC6ty9ya6990PeiHXtqL7OszV.G7uqxUHqOtu85Y.FF4a', 0, 0),
(40, 'iiiiiii', 'iiiiiii@utbm.fr', '$2b$12$CvAWj6JMWhq.wqzLhCn7n.wPh7eTNb3lJ66OZ88wFgBzQvAZBSYkq', 0, 0),
(41, 'iiiaiiii', 'iiaiiiii@utbm.fr', '$2b$12$rCJFCZzzGrgBOSncgsZNY.67R2Xr2Rx7FmgpkJveXpdBiBlFJYLTq', 0, 0),
(42, 'iiisaiiii', 'iiasiiiii@utbm.fr', '$2b$12$0VEWsM462DrqGUGVAdTH6.1JwCy4.WdKHp23BnOgNTAvyNfZGvBNC', 0, 0),
(43, 'iiiiiioo', 'jjjjjjjjjj@utbm.fr', '$2b$12$3kfzWl3D.vLkLZ/dKQxE0uFMfz3LWJY7MpSJOxHYcbUAHH6AAM01O', 0, 0);


--
-- Dumping data for table `charbon_host`
--

INSERT INTO `charbon_host` (`charbon_id`, `actionneur_id`) VALUES
(49, 35),
(49, 36),
(53, 34),
(54, 36),
(55, 34),
(55, 35),
(57, 34),
(87, 1),
(87, 35),
(88, 1),
(88, 35),
(90, 1),
(90, 34),
(91, 1),
(91, 35),
(92, 1),
(92, 35),
(93, 1),
(93, 35),
(94, 1),
(94, 35),
(95, 1),
(95, 35),
(96, 1),
(96, 35),
(97, 1),
(97, 35),
(98, 1),
(98, 35),
(99, 1),
(99, 35),
(101, 1),
(101, 35),
(102, 1),
(103, 34),
(104, 34),
(104, 35);

-- --------------------------------------------------------



-- --------------------------------------------------------


--
-- Dumping data for table `exercise`
--

INSERT INTO `exercise_topic` (`id`, `topic`, `course_id`) VALUES
(1, 'Arbres binaires', 'LO21'),
(2, 'Listes chaînées', 'LO21'),
(4, 'Coordonnées polaires', 'PS2'),
(5, 'Coordonnées intrinsèque', 'PS2'),
(6, 'Nombres complexes', 'MT1'),
(7, 'Fonctions à deux variables', 'MT2'),
(8, 'Equivalence Thevenin-Norton', 'PS1');


INSERT INTO `exercise` (`id`, `title`, `difficulty`, `is_corrected`, `source`, `topic_id`, `content`) VALUES
(21, 'Mise en application Thévenin-Norton', 2, 1, 'Tatouille', 8, 0x5048412b516d397563323970636a77766344344b),
(23, 'Inversion de liste chainée', 4, 1, 'W3school', 2, 0x5048412b516d397563323970636a77766344344b),
(24, 'Dérivation partielle d\'une fonction compliquée', 5, 0, 'Poly de MT2', 7, 0x5048412b516d397563323970636a77766344344b);
INSERT INTO `exercise` (`id`, `title`, `difficulty`, `is_corrected`, `source`, `topic_id`, `content`) VALUES
(39, 'TTTTTTTTTT', 0, 0, 'ddddddddddddd', 1, 0x535734674c43426d6157786c49484a6c63793970625763766157356d6279396a4c324e766258427062474630615739754c574e6f59576c755a53357a646d6367626d393049475a766457356b436b6c75494377675a6d6c735a5342795a584d766157316e4c326c755a6d38765979396a623231776157786864476c766269316a61474670626d557563335a6e494735766443426d623356755a416f386144452b544745675932397463476c73595852706232346759585a6c5979424851304d384c32677850676f386344354851304d674b45644f56534244623231776157786c63694244623278735a574e30615739754b53426a62323530615756756443426b5a584d675932397463476c735958526c64584a7a49484276645849676347783163326c6c64584a7a49477868626d64685a32567a4c43426b6232353049454d675a585167517973724c69424e615735485679426c6333516764573467634739796447466e5a53426b5a5342735953427a64576c305a53424851304d6763473931636942586157356b6233647a4c69424d595342776248567759584a304947526c63794276634852706232357a4947526c49474a6863325567633239756443427a6157317062474670636d567a4947567564484a6c494564445179776751327868626d63675a58516754564e575179776763326b67646d39316379423164476c7361584e6c65694268645852795a53426a6147397a5a5342786457556752304e4449475630494846315a534273346f435a6457356c4947526c49474e6c63794276634852706232357a4947356c49473168636d4e6f5a53427759584d73494d4f6e5953427a5a534230636d3931646d55675a6d466a6157786c625756756443427a6458496762475567643256694c6a77766344344b50476779506b786849474a68633255675a475567624745675932397463476c7359585270623234384c32677950676f386344354d5953426a61474844726d356c4947526c49474e766258427062474630615739754947526c494564445179416f6247567a4947463164484a6c6379427a62323530494852797736687a49484e7062576c7359576c795a584d6759585a6c5979426b5a584d67623356306157787a49477a447157664471484a6c625756756443426b61575a6d77366c795a57353063796b674f6a77766344344b5048412b5932396b5a53427a62335679593255674c53427763734f7063484a765932567a63326c755a79417449474e766258427062474630615739754943306759584e7a5a5731696247466e5a534174494d4f705a476c30615739754947526c494778705a57357a494330675a586a4471574e3164474669624755384c33412b436a7877506c42766458496750484e30636d39755a7a356a623231776157786c6369426b61584a6c5933526c6257567564447776633352796232356e5069426b5a584d675a6d6c6a61476c6c636e4d6763323931636d4e6c49454d675a5734675a586a4471574e316447466962475869674b38365043397750676f3864474669624755675932786863334d39496d5a6c626d4e6c496a344b5048527949474e7359584e7a50534a6d5a57356a5a5331796233636950676f38644751675932786863334d39496d5a6c626d4e6c4c574e6c624777675a6d5675593255746332686c6247776950676f385a476c3249474e7359584e7a50534a6f6157646f62476c6e61485169506a7877636d552b50484e775957342b5043397a63474675506d646a597a787a6347467549474e7359584e7a50534a33496a34675043397a634746755069317650484e77595734675932786863334d39496e6369506941384c334e775957342b5a58686c5933563059574a735a54787a6347467549474e7359584e7a50534a33496a34675043397a63474675506d316861573475597a787a6347467549474e7359584e7a50534a33496a34675043397a63474675506d31765a4856735a53356a436a777663484a6c506a77765a476c3250676f4b504339305a44344b50433930636a344b5048527949474e7359584e7a50534a6d5a57356a5a5331796233636950676f38644751675932786863334d39496d5a6c626d4e6c4c574e6c624777675a6d5675593255745a47396a496a344b5048412b50484e30636d39755a7a34385932396b5a5434746279416d624851375a6d6c6a61476c6c63695a6e644473384c324e765a47552b5043397a64484a76626d632b346f43764f69427a634d4f7059326c6d6157556762475567626d39744947523149475a70593268705a58496763484a765a4856706443416f63326c756232346761577767632b4b416d574677634756736247567959534277595849675a4d4f705a6d4631644341385932396b5a5435684c6d3931644477765932396b5a54347050474a794943382b436a77766344344b504339305a44344b50433930636a344b5043393059574a735a54344b5048412b554739316369423162694277636d39715a585167634778316379427062584276636e5268626e516759585a6c5979426b5a584d6762476c69636d4670636d6c6c637977676232346763484c447157624471484a6c494766447157374471584a68624756745a5735304944787a64484a76626d632b5932397463476c735a5849384c334e30636d39755a7a34676247567a49475a70593268705a584a7a49484e7664584a6a5a584d674b43356a4b534138633352796232356e506d6c755a476c32615752315a5778735a57316c626e51384c334e30636d39755a7a34675a57346750484e30636d39755a7a356d61574e6f6157567963794276596d706c64484d384c334e30636d39755a7a34674b4335764b537767634856706379426d59576c795a534138633352796232356e506d7a69674a6e447157527064476c766269426b5a53427361575675637a7776633352796232356e5069427a77366c7759584c447157316c626e51674f6a77766344344b50485268596d786c49474e7359584e7a50534a6d5a57356a5a53492b436a78306369426a6247467a637a30695a6d567559325574636d3933496a344b5048526b49474e7359584e7a50534a6d5a57356a5a53316a5a57787349475a6c626d4e6c4c584e6f5a577873496a344b504752706469426a6247467a637a306961476c6e614778705a326830496a343863484a6c506a787a63474675506a777663334268626a356e59324d38633342686269426a6247467a637a30696479492b4944777663334268626a3474597a787a6347467549474e7359584e7a50534a33496a34675043397a634746755069317650484e77595734675932786863334d39496e6369506941384c334e775957342b6257396b6457786c4c6d3838633342686269426a6247467a637a30696479492b4944777663334268626a35746232523162475575597a787a6347467549474e7359584e7a50534a33496a346749434167494341674944777663334268626a3438633342686269426a6247467a637a3069597a456950694d675132397463476c7359585270623234384c334e775957342b436d646a597a787a6347467549474e7359584e7a50534a33496a34675043397a634746755069316a50484e77595734675932786863334d39496e6369506941384c334e775957342b4c573838633342686269426a6247467a637a30696479492b4944777663334268626a357459576c754c6d3838633342686269426a6247467a637a30696479492b4944777663334268626a357459576c754c6d4d38633342686269426a6247467a637a30696479492b494341674943416749434167494341675043397a63474675506a787a6347467549474e7359584e7a50534a6a4d53492b49794244623231776157786864476c76626a777663334268626a344b5a324e6a50484e77595734675932786863334d39496e6369506941384c334e775957342b4c573838633342686269426a6247467a637a30696479492b4944777663334268626a356c6547566a64585268596d786c50484e77595734675932786863334d39496e6369506941384c334e775957342b625746706269357650484e77595734675932786863334d39496e6369506941384c334e775957342b6257396b6457786c4c6d3838633342686269426a6247467a637a30696479492b494341384c334e775957342b50484e77595734675932786863334d39496d4d78496a346a494d4f4a5a476c30615739754947526c494778705a57357a5043397a6347467550676f384c3342795a5434384c325270646a344b436a77766447512b436a77766448492b436a78306369426a6247467a637a30695a6d567559325574636d3933496a344b5048526b49474e7359584e7a50534a6d5a57356a5a53316a5a57787349475a6c626d4e6c4c5752765979492b436a7877506a787a64484a76626d632b50474e765a47552b4c574d384c324e765a47552b5043397a64484a76626d632b49446f675132397463476c735a53426c6443426863334e6c62574a735a5342735a53426d61574e6f615756794947526c49474e765a475567633246756379426d59576c795a534273346f435a77366c6b61585270623234675a47556762476c6c626a78696369417650676f384c33412b436a77766447512b436a77766448492b436a7776644746696247552b436a786f4d6a354e623252316247567a4947563049477870596e4a6861584a705a584d384c32677950676f3861444d2b534756685a475679637a777661444d2b436a7877506c42686369426b77366c6d595856304c43424851304d675932686c636d4e6f5a5342735a584d67614756685a47567963794270626d4e7364584d67634746794944786a6232526c50694e70626d4e736457526c49435a7364447474623252316247557561435a6e644473384c324e765a47552b49475268626e4d676332397549484c447158426c636e527661584a6c4947526c4947686c5957526c636e4d67634746794947544471575a686458517349472f4475534270624342354947456762474567596d6c6962476c7664476a44714846315a53427a644746755a4746795a43426c644342735a584d6762476c69636d4670636d6c6c6379427864575567646d393163794235494746325a586f676157357a64474673624d4f704c6a77766344344b5048412b5447567a4947686c5957526c636e4d676157356a6248567a49484268636941385932396b5a54346a6157356a6248566b5a5341696257396b6457786c4c6d67695043396a6232526c5069427a623235304948427961584d67634746794947544471575a68645851675a474675637942735a534274773670745a53427977366c775a584a3062326c795a53427864575567624755675a6d6c6a61476c6c6369427a6233567959325567635856704947786c63794270626d4e736457567564433467566d393163794277623356325a586f676458527062476c7a5a584967645734675932686c62576c7549484a6c62474630615759674f6941385932396b5a54346a6157356a6248566b5a5341694c6934765a47397a63326c6c636939746232523162475575614349384c324e765a47552b5043397750676f38634435455957357a4947526c63794277636d39715a58527a4948427364584d67624746795a32567a4c43427a64584a30623356304947526c6379427361574a7959576c796157567a4c4342766269427763734f705a734f6f636d55675a384f7062734f70636d46735a57316c626e516763384f70634746795a5849676247567a4947686c5957526c636e4d675a47567a49475a70593268705a584a7a49484e7664584a6a5a53416f62323467636d566e636d39316347556763323931646d5675644342735a584d67614756685a4756796379426b5957357a494856754947527663334e705a58496750474e765a47552b6157356a6248566b5a5338384c324e765a47552b494756304947786c6379426d61574e6f615756796379427a62335679593255675a474675637941385932396b5a54357a636d4d765043396a6232526c50696b754946427664584967773664684c4342706243426d5958563049474671623356305a584967624755675a47397a63326c6c636944446f4342735953426a623231776157786864476c76626941365043397750676f3864474669624755675932786863334d39496d5a6c626d4e6c496a344b5048527949474e7359584e7a50534a6d5a57356a5a5331796233636950676f38644751675932786863334d39496d5a6c626d4e6c4c574e6c624777675a6d5675593255746332686c6247776950676f385a476c3249474e7359584e7a50534a6f6157646f62476c6e61485169506a7877636d552b50484e775957342b5043397a63474675506d646a597a787a6347467549474e7359584e7a50534a33496a34675043397a634746755069314a4c693970626d4e736457526c50484e77595734675932786863334d39496e6369506941384c334e775957342b4c574d38633342686269426a6247467a637a30696479492b4944777663334268626a3474627a787a6347467549474e7359584e7a50534a33496a34675043397a63474675506d4a316157786b4c3231765a4856735a53357650484e77595734675932786863334d39496e6369506941384c334e775957342b63334a6a4c3231765a4856735a53356a50484e77595734675932786863334d39496e6369506941675043397a63474675506a787a6347467549474e7359584e7a50534a6a4d53492b49794244623231776157786864476c76626a777663334268626a344b5a324e6a50484e77595734675932786863334d39496e6369506941384c334e775957342b4c556b754c326c75593278315a475538633342686269426a6247467a637a30696479492b4944777663334268626a3474597a787a6347467549474e7359584e7a50534a33496a34675043397a634746755069317650484e77595734675932786863334d39496e6369506941384c334e775957342b596e567062475176625746706269357650484e77595734675932786863334d39496e6369506941384c334e775957342b63334a6a4c32316861573475597a787a6347467549474e7359584e7a50534a33496a346749434167494341384c334e775957342b50484e77595734675932786863334d39496d4d78496a346a49454e766258427062474630615739755043397a634746755067706e59324d38633342686269426a6247467a637a30696479492b4944777663334268626a3474627a787a6347467549474e7359584e7a50534a33496a34675043397a63474675506d56345a574e316447466962475538633342686269426a6247467a637a30696479492b4944777663334268626a356964576c735a43397459576c754c6d3838633342686269426a6247467a637a30696479492b4944777663334268626a356964576c735a4339746232523162475575627a787a6347467549474e7359584e7a50534a33496a34674944777663334268626a3438633342686269426a6247467a637a3069597a456950694d6777346c6b61585270623234675a47556762476c6c626e4d384c334e775957342b436a777663484a6c506a77765a476c3250676f4b504339305a44344b50433930636a344b5048527949474e7359584e7a50534a6d5a57356a5a5331796233636950676f38644751675932786863334d39496d5a6c626d4e6c4c574e6c624777675a6d5675593255745a47396a496a344b5048412b50484e30636d39755a7a34385932396b5a54347453535a736444746b62334e7a615756794a6d64304f7a77765932396b5a5434384c334e30636d39755a7a34674f694245623235755a5342316269426b62334e7a6157567949484e316348427377366c745a57353059576c795a53427677376b675932686c636d4e6f5a5849676247567a49475a70593268705a584a7a4947686c5957526c636a78696369417650676f384c33412b436a77766447512b436a77766448492b436a7776644746696247552b436a7877506b6c7564585270624755675a4755676247467063334e6c6369426a5a5852305a53427663485270623234676347393163694273346f435a77366c6b61585270623234675a47556762476c6c626934384c33412b436a786f4d7a354d61574a7959576c796157567a5043396f4d7a344b5048412b55326b67646d39316379423164476c7361584e6c6569426b5a584d6762476c69636d4670636d6c6c63794268645852795a584d676358566c4947786849474a70596d78706233526f773668786457556763335268626d5268636d517349476c7349475a6864575279595342735a584d6763484c4471574e70633256794947463149473176625756756443426b5a534273346f435a77366c6b61585270623234675a47556762476c6c626e4d674f6a77766344344b50485268596d786c49474e7359584e7a50534a6d5a57356a5a53492b436a78306369426a6247467a637a30695a6d567559325574636d3933496a344b5048526b49474e7359584e7a50534a6d5a57356a5a53316a5a57787349475a6c626d4e6c4c584e6f5a577873496a344b504752706469426a6247467a637a306961476c6e614778705a326830496a343863484a6c506a787a63474675506a777663334268626a356e59324d38633342686269426a6247467a637a30696479492b4944777663334268626a3474597a787a6347467549474e7359584e7a50534a33496a34675043397a634746755069317650484e77595734675932786863334d39496e6369506941384c334e775957342b6257396b6457786c4c6d3838633342686269426a6247467a637a30696479492b4944777663334268626a35746232523162475575597a787a6347467549474e7359584e7a50534a33496a34674943416749434167494341674943416749434167494341384c334e775957342b50484e77595734675932786863334d39496d4d78496a346a49454e766258427062474630615739755043397a634746755067706e59324d38633342686269426a6247467a637a30696479492b4944777663334268626a3474597a787a6347467549474e7359584e7a50534a33496a34675043397a634746755069317650484e77595734675932786863334d39496e6369506941384c334e775957342b625746706269357650484e77595734675932786863334d39496e6369506941384c334e775957342b625746706269356a50484e77595734675932786863334d39496e636950694167494341674943416749434167494341674943416749434167494341384c334e775957342b50484e77595734675932786863334d39496d4d78496a346a49454e766258427062474630615739755043397a634746755067706e59324d38633342686269426a6247467a637a30696479492b4944777663334268626a3474627a787a6347467549474e7359584e7a50534a33496a34675043397a63474675506d56345a574e316447466962475538633342686269426a6247467a637a30696479492b4944777663334268626a357459576c754c6d3838633342686269426a6247467a637a30696479492b4944777663334268626a35746232523162475575627a787a6347467549474e7359584e7a50534a33496a34675043397a63474675506931736254787a6347467549474e7359584e7a50534a33496a34675043397a63474675506931736347356e50484e77595734675932786863334d39496e6369506941675043397a63474675506a787a6347467549474e7359584e7a50534a6a4d53492b497944446957527064476c766269426b5a53427361575675637a777663334268626a344b50433977636d552b5043396b6158592b43676f384c33526b50676f384c33527950676f38644849675932786863334d39496d5a6c626d4e6c4c584a766479492b436a78305a43426a6247467a637a30695a6d567559325574593256736243426d5a57356a5a53316b62324d6950676f3863443438633352796232356e506a786a6232526c506931734a6d78304f327870596e4a6861584a705a535a6e644473384c324e765a47552b5043397a64484a76626d632b49446f6754476c6c494746325a574d676247456762476c69636d4670636d6c6c49475276626d374471575575494552766158516764473931616d3931636e4d6777367030636d55675a47397562734f704947467763734f6f637942735a584d675a6d6c6a61476c6c636e4d6763323931636d4e6c4943386762324a715a58527a50474a794943382b436a787a64484a76626d632b50474e765a47552b4c584e3059585270597a77765932396b5a5434384c334e30636d39755a7a34674f694254346f435a615777675a5868706333526c494856755a5342325a584a7a6157397549484e30595852706358566c49475630494856755a5342325a584a7a6157397549475235626d4674615846315a53426b5a53427359534274773670745a53427361574a7959576c7961575573494564445179423164476c7361584e6c636d456762474567646d567963326c766269426b6557356862576c7864575567634746794947544471575a686458517549464e7049485a7664584d67644756755a586f677736416762476c6c6369427a64474630615846315a57316c626e51734948563061577870633256364944786a6232526c5069317a6447463061574d384c324e765a47552b4948427664584967624755675a6d3979593256794c6a78696369417650676f384c33412b436a77766447512b436a77766448492b436a7776644746696247552b436a7877506c56755a53427361574a7959576c7961575567595856795953426e77366c7577366c795957786c625756756443423162694275623230675a4755675a6d6c6a61476c6c6369426b645342306558426c4944786a6232526c506d7870596e467859326775633238384c324e765a47552b49436876645341385932396b5a543475595477765932396b5a5434734944786a6232526c5069356b65577870596a77765932396b5a5434734944786a6232526c5069356b624777384c324e765a47552b4c4341385932396b5a54347562476c695043396a6232526c50697767346f436d49484e6c624739754947786c49484e35633354447147316c494756304947786c49485235634755675a47556762476c756132466e5a536b75494642766458496762476c6c63694231626d556762476c69636d4670636d6c6c494746776347567377366c6c4944786a6232526c506d7870596e467859326775633238384c324e765a47552b4c4342706243426d5958566b636d45676257563064484a6c49477a69674a6c76634852706232346750474e765a47552b4c57787863574e6f5043396a6232526c506a77766344344b5048412b546d39305a586f6763585869674a6c68646d566a494778684947647361574a6a494368735953426961574a7361573930614d4f6f6358566c49484e305957356b59584a6b49454d676458527062476c7a77366c6c49475675494766447157374471584a68624342775958496752304e444b5377676247456762476c69636d4670636d6c6c4947526c494731686447687a4943687864575567646d39316379423164476c7361584e6c65694268646d566a4944786a6232526c50695a73644474745958526f4c6d676d5a3351375043396a6232526c50696b675a584e30494850447158426863734f705a537767615777675a6d46315a484a6849475276626d4d676247456762476c6c63694268646d566a4944786a6232526c50693173625477765932396b5a5434755043397750676f3863443551595849675a4d4f705a6d46316443776752304e44494368776248567a4948427977366c6a615850447157316c626e51676247517049485a6849474e6f5a584a6a6147567949484e6c6379427361574a7959576c796157567a49475268626e4d676247567a49484c447158426c636e527661584a6c6379426b6232357577366c7a49484268636942735953423259584a7059574a735a53426b346f435a5a57353261584a76626d356c62575675644341385932396b5a54354d5246394d53554a5351564a5a58314242564567384c324e765a47552b4c6942516233567949484e7777366c6a61575a705a584967646d3930636d556763484a7663484a6c49484c447158426c636e527661584a6c4947526c49477870596e4a6861584a705a584d7349485630615778706332563649477a69674a6c76634852706232346750474e765a47552b4c5577384c324e765a47552b4c43427864576b67625746795932686c49474e766257316c4944786a6232526c5069314a5043396a6232526c506a77766344344b50485268596d786c49474e7359584e7a50534a6d5a57356a5a53492b436a78306369426a6247467a637a30695a6d567559325574636d3933496a344b5048526b49474e7359584e7a50534a6d5a57356a5a53316a5a57787349475a6c626d4e6c4c584e6f5a577873496a344b504752706469426a6247467a637a306961476c6e614778705a326830496a343863484a6c506a787a63474675506a777663334268626a356e59324d38633342686269426a6247467a637a30696479492b4944777663334268626a3474535334766157356a6248566b5a54787a6347467549474e7359584e7a50534a33496a34675043397a634746755069316a50484e77595734675932786863334d39496e6369506941384c334e775957342b4c573838633342686269426a6247467a637a30696479492b4944777663334268626a356964576c735a4339746232523162475575627a787a6347467549474e7359584e7a50534a33496a34675043397a63474675506e4e79597939746232523162475575597a787a6347467549474e7359584e7a50534a33496a3467494341674943416749434167494341675043397a63474675506a787a6347467549474e7359584e7a50534a6a4d53492b49794244623231776157786864476c76626a777663334268626a344b5a324e6a50484e77595734675932786863334d39496e6369506941384c334e775957342b4c556b754c326c75593278315a475538633342686269426a6247467a637a30696479492b4944777663334268626a3474597a787a6347467549474e7359584e7a50534a33496a34675043397a634746755069317650484e77595734675932786863334d39496e6369506941384c334e775957342b596e567062475176625746706269357650484e77595734675932786863334d39496e6369506941384c334e775957342b63334a6a4c32316861573475597a787a6347467549474e7359584e7a50534a33496a346749434167494341674943416749434167494341674944777663334268626a3438633342686269426a6247467a637a3069597a456950694d675132397463476c7359585270623234384c334e775957342b436d646a597a787a6347467549474e7359584e7a50534a33496a34675043397a634746755069317650484e77595734675932786863334d39496e6369506941384c334e775957342b5a58686c5933563059574a735a54787a6347467549474e7359584e7a50534a33496a34675043397a63474675506d4a316157786b4c32316861573475627a787a6347467549474e7359584e7a50534a33496a34675043397a63474675506d4a316157786b4c3231765a4856735a53357650484e77595734675932786863334d39496e6369506941384c334e775957342b4c5577754c327870596a787a6347467549474e7359584e7a50534a33496a34675043397a63474675506931736358466a6144787a6347467549474e7359584e7a50534a33496a34674944777663334268626a3438633342686269426a6247467a637a3069597a456950694d6754476c756132466e5a54777663334268626a344b50433977636d552b5043396b6158592b43676f384c33526b50676f384c33527950676f38644849675932786863334d39496d5a6c626d4e6c4c584a766479492b436a78305a43426a6247467a637a30695a6d567559325574593256736243426d5a57356a5a53316b62324d6950676f3863443438633352796232356e506a786a6232526c5069314d4a6d78304f32527663334e705a58496d5a3351375043396a6232526c506a7776633352796232356e5069413649455276626d356c494856754947527663334e705a5849676333567763477a447157316c626e526861584a6c49472f447553426a614756795932686c636942735a584d6762476c69636d4670636d6c6c637942776233567949477a69674a6e447157527064476c766269426b5a53427361575675637a78696369417650676f384c33412b436a77766447512b436a77766448492b436a7776644746696247552b436a7877506c42766458496762476c6c63694268646d566a494856755a53427361574a7959576c79615755676333526864476c78645755676247396a5957786c4c4342326233567a4948427664585a6c6569427164584e305a534273346f435a595770766458526c63694268646d566a49485a7663794277636d3977636d567a49475a70593268705a584a7a49473969616d5630637a77766344344b50485268596d786c49474e7359584e7a50534a6d5a57356a5a53492b436a78306369426a6247467a637a30695a6d567559325574636d3933496a344b5048526b49474e7359584e7a50534a6d5a57356a5a53316a5a57787349475a6c626d4e6c4c584e6f5a577873496a344b504752706469426a6247467a637a306961476c6e614778705a326830496a343863484a6c506a787a63474675506a777663334268626a356e59324d38633342686269426a6247467a637a30696479492b4944777663334268626a3474535334766157356a6248566b5a54787a6347467549474e7359584e7a50534a33496a34675043397a634746755069316a50484e77595734675932786863334d39496e6369506941384c334e775957342b4c573838633342686269426a6247467a637a30696479492b4944777663334268626a356964576c735a4339746232523162475575627a787a6347467549474e7359584e7a50534a33496a34675043397a63474675506e4e79597939746232523162475575597a787a6347467549474e7359584e7a50534a33496a346749434167494341674944777663334268626a3438633342686269426a6247467a637a3069597a456950694d675132397463476c7359585270623234384c334e775957342b436d646a597a787a6347467549474e7359584e7a50534a33496a34675043397a634746755069314a4c693970626d4e736457526c50484e77595734675932786863334d39496e6369506941384c334e775957342b4c574d38633342686269426a6247467a637a30696479492b4944777663334268626a3474627a787a6347467549474e7359584e7a50534a33496a34675043397a63474675506d4a316157786b4c32316861573475627a787a6347467549474e7359584e7a50534a33496a34675043397a63474675506e4e795979397459576c754c6d4d38633342686269426a6247467a637a30696479492b494341674943416749434167494341675043397a63474675506a787a6347467549474e7359584e7a50534a6a4d53492b49794244623231776157786864476c76626a777663334268626a344b5a324e6a50484e77595734675932786863334d39496e6369506941384c334e775957342b4c573838633342686269426a6247467a637a30696479492b4944777663334268626a356c6547566a64585268596d786c50484e77595734675932786863334d39496e6369506941384c334e775957342b596e567062475176625746706269357650484e77595734675932786863334d39496e6369506941384c334e775957342b596e5670624751766257396b6457786c4c6d3838633342686269426a6247467a637a30696479492b4944777663334268626a357361574a7863574e6f4c6d4538633342686269426a6247467a637a30696479492b494341384c334e775957342b50484e77595734675932786863334d39496d4d78496a346a49457870626d74685a3255384c334e775957342b436a777663484a6c506a77765a476c3250676f4b504339305a44344b50433930636a344b5043393059574a735a54344b5047677a506b31765a47567a4947526c49477870626d74685a3255384c32677a50676f3863443556626d556762476c69636d4670636d6c6c4948426c6458516777367030636d556762476e44715755675a4755675a4756316543426d59634f6e6232357a49446f384c33412b436a78316244344b50477870506a787a64484a76626d632b54476c6c6269427a64474630615846315a547776633352796232356e506941364947786849477870596e4a6861584a705a53426c633351675a476c795a574e305a57316c626e51676157353077366c6e63734f705a5344446f434232623352795a53426c654d4f705933563059574a735a5478316244344b50477870506b4632595735305957646c637a78316244344b50477870506b786c4948427962326479595731745a534230615756756443426c626942316269427a5a58567349475a70593268705a58497349474631593356754948427962324a73773668745a53426b5a53426b77366c775a57356b5957356a5a53427762334e7a61574a735a54777662476b2b436a77766457772b436a777662476b2b436a78736154354a626d4e76626e6244715735705a573530637a78316244344b50477870506b7a69674a6c6c654d4f705933563059574a735a53426c633351676347783163794273623356795a43426c64434277636d56755a4342776248567a4947526c494733447157317661584a6c504339736154344b504339316244344b504339736154344b504339316244344b504339736154344b50477870506a787a64484a76626d632b54476c6c6269426b6557356862576c78645755384c334e30636d39755a7a34674f6942735953427361574a7959576c7961575567636d567a644755675a474675637942316269426d61574e6f6157567949475634644d4f70636d6c6c645849675a585167624f4b416d57563477366c6a64585268596d786c4947786849484c447157624471584a6c626d4e6c5048567350676f3862476b2b51585a68626e52685a32567a49446f386457772b436a787361543554615342735953427361574a7959576c79615755675a584e30494856306157787063384f705a534277595849676347783163326c6c64584a7a4948427962326479595731745a584d734947567362475567626d5567633256795953426a614746795a384f705a53427864654b416d5856755a53427a5a5856735a53426d62326c7a49475675494733447157317661584a6c504339736154344b50477870506b786849477870596e4a6861584a705a5342775a585630494d4f7164484a6c4947664471584c447157556763384f706347467977366c745a573530494752314948427962326479595731745a53426b6232356a4948426c6458516777367030636d556762576c7a5a5344446f43427162335679494850447158426863734f70625756756444777662476b2b436a7873615435545a58567349473176655756754947526c49484e6864476c7a5a6d4670636d55675932567964474670626e4d67644756796257567a4947526c49474e6c636e52686157356c6379427361574e6c626d4e6c6379426a623231745a5342735953424d5231424d4943687864576b675958563062334a7063325567624f4b416d5856306157787063324630615739754947526c4947786849477870596e4a6861584a705a534277595849676457346763484a765a334a686257316c49484e7664584d6762476c6a5a57356a5a534270626d4e766258426864476c696247556759585a6c59794273595342485545776763326b6763325631624755676247456762476c69636d4670636d6c6c49474e7662584270624d4f705a53426c6333516762476e447157556759585a6c597942735a534277636d396e636d467462575570504339736154344b50477870506c426c636d316c6443426b5a53427977366c3164476c7361584e6c636942776248567a49475a6859326c735a57316c626e51676247567a49477870596e4a6861584a705a584d734947567549484268636e527059335673615756794947786c637942776248567a494766447157374471584a706358566c637a777662476b2b436a77766457772b436a777662476b2b436a78736154354a626d4e76626e6244715735705a573530637941365048567350676f3862476b2b5532567362323467646d3930636d55675a32567a64476c766269426b5a584d6762476c69636d4670636d6c6c63797767773664684948426c6458516759324631633256794947526c6379427a6233566a61584d675a4755675a4d4f70634756755a4746755932567a504339736154344b5047787050734f485953427062584273615846315a534231626d55675a476c7a64484a70596e563061573975494756754948427364584e705a5856796379426d61574e6f61575679637a777662476b2b436a77766457772b436a777662476b2b436a77766457772b436a777662476b2b436a77766457772b436a7877506b5675494766447157374471584a68624377676232346763484c447157624471484a6c494778705a5849675a486c75595731706358566c62575675644334675432346763484c447157624471484a6c494778705a5849676333526864476c78645756745a57353049484e704947786849477870596e4a6861584a705a53426c63335167646e4a686157316c626e51676333444471574e705a6d6c78645755675958556763484a76616d56304943686c6247786c4947356c49484e6c636d45676458527062476c7a77366c6c494735316247786c49484268636e516759576c7362475631636e4d704c43427a615342766269426a623231776157786c4948427664584967645734675a57353261584a76626d356c625756756443427677376b6762323467626d5567634756316443427759584d67593239746348526c6369427a6458496762474567596d3975626d55675a32567a64476c766269426b5a584d675a4d4f70634756755a4746755932567a4c4342766453426b5957357a4948567549475675646d6c79623235755a57316c626e516762384f3549477a69674a6c6c654d4f705933563059574a735a53426b62326c30494d4f7164484a6c49474e76625842735a5851674b47567549475674596d4679635858447153776764486c77615846315a57316c626e51705043397750676f3861444d2b5132397463476c735a5849676457356c49477870596e4a6861584a705a53427a64474630615846315a54777661444d2b436a7877506c56755a53427361574a7959576c79615755676333526864476c78645755675a584e30494770316333526c494856755a53426a623278735a574e30615739754947526c49475a70593268705a584a7a49473969616d56306379427959584e7a5a573169624d4f706379426b5957357a494856755a534268636d4e6f61585a6c4948426863694273346f435a623356306157776759584a6a61476c325a585679494367385932396b5a543568636a77765932396b5a54347049446f384c33412b436a783059574a735a53426a6247467a637a30695a6d56755932556950676f38644849675932786863334d39496d5a6c626d4e6c4c584a766479492b436a78305a43426a6247467a637a30695a6d567559325574593256736243426d5a57356a5a53317a614756736243492b436a786b615859675932786863334d39496d68705a3268736157646f6443492b504842795a54343863334268626a34384c334e775957342b50484e77595734675932786863334d39496d4d78496a346a4945397549474e7662584270624755676247567a49475a70593268705a584a7a49473969616d563049473576636d3168624756745a5735305043397a634746755067706e59324d38633342686269426a6247467a637a30696479492b4944777663334268626a3474535334766157356a6248566b5a54787a6347467549474e7359584e7a50534a33496a34675043397a634746755069316a50484e77595734675932786863334d39496e6369506941384c334e775957342b4c573838633342686269426a6247467a637a30696479492b4944777663334268626a356d6157786c4d53357650484e77595734675932786863334d39496e6369506941384c334e775957342b5a6d6c735a5445755977706e59324d38633342686269426a6247467a637a30696479492b4944777663334268626a3474535334766157356a6248566b5a54787a6347467549474e7359584e7a50534a33496a34675043397a634746755069316a50484e77595734675932786863334d39496e6369506941384c334e775957342b4c573838633342686269426a6247467a637a30696479492b4944777663334268626a356d6157786c4d69357650484e77595734675932786863334d39496e6369506941384c334e775957342b5a6d6c735a54497559776f38633342686269426a6247467a637a3069597a456950694d6751584a6a61476c325957646c49475268626e4d6762476c696358466a614335685043397a6347467550677068636a787a6347467549474e7359584e7a50534a33496a34675043397a63474675506e4a6a637a787a6347467549474e7359584e7a50534a33496a34675043397a63474675506d7870596e4678593267755954787a6347467549474e7359584e7a50534a33496a34675043397a63474675506d5a70624755784c6d3838633342686269426a6247467a637a30696479492b4944777663334268626a356d6157786c4d693576436a777663484a6c506a77765a476c3250676f4b504339305a44344b50433930636a344b5043393059574a735a54344b5047677a506b4e766258427062475679494856755a53427361574a7959576c79615755675a486c75595731706358566c5043396f4d7a344b5048412b5657356c49477870596e4a6861584a705a53427a64474630615846315a53426c633351675a4855675932396b5a53427361634f7049475469674a6c31626d55675a6d48447032397549484268636e52705933567361634f6f636d55676347393163694278645755675a4f4b416d57463164484a6c63794277636d396e636d46746257567a4948423161584e7a5a5735304947786c49484c447157624471584a6c626d4e6c636a77766344344b50485268596d786c49474e7359584e7a50534a6d5a57356a5a53492b436a78306369426a6247467a637a30695a6d567559325574636d3933496a344b5048526b49474e7359584e7a50534a6d5a57356a5a53316a5a57787349475a6c626d4e6c4c584e6f5a577873496a344b504752706469426a6247467a637a306961476c6e614778705a326830496a343863484a6c506a787a63474675506a777663334268626a356e59324d38633342686269426a6247467a637a30696479492b4944777663334268626a3474535334766157356a6248566b5a54787a6347467549474e7359584e7a50534a33496a34675043397a634746755069316a50484e77595734675932786863334d39496e6369506941384c334e775957342b4c575a5153554d38633342686269426a6247467a637a30696479492b4944777663334268626a3474627a787a6347467549474e7359584e7a50534a33496a34675043397a63474675506d5a70624755784c6d3838633342686269426a6247467a637a30696479492b4944777663334268626a356d6157786c4d53356a436d646a597a787a6347467549474e7359584e7a50534a33496a34675043397a634746755069314a4c693970626d4e736457526c50484e77595734675932786863334d39496e6369506941384c334e775957342b4c574d38633342686269426a6247467a637a30696479492b4944777663334268626a34745a6c424a517a787a6347467549474e7359584e7a50534a33496a34675043397a634746755069317650484e77595734675932786863334d39496e6369506941384c334e775957342b5a6d6c735a544975627a787a6347467549474e7359584e7a50534a33496a34675043397a63474675506d5a70624755794c6d4d4b50484e77595734675932786863334d39496d4d78496a346a49454e7977366c6864476c766269426b5a5342735953427361574a7959576c79615755384c334e775957342b436d646a597a787a6347467549474e7359584e7a50534a33496a34675043397a634746755069317a614746795a575138633342686269426a6247467a637a30696479492b4944777663334268626a3474627a787a6347467549474e7359584e7a50534a33496a34675043397a63474675506d7870596e46785932677563323838633342686269426a6247467a637a30696479492b4944777663334268626a356d6157786c4d53357650484e77595734675932786863334d39496e6369506941384c334e775957342b5a6d6c735a54497562776f384c3342795a5434384c325270646a344b436a77766447512b436a77766448492b436a78306369426a6247467a637a30695a6d567559325574636d3933496a344b5048526b49474e7359584e7a50534a6d5a57356a5a53316a5a57787349475a6c626d4e6c4c5752765979492b436a7877506a787a64484a76626d632b50474e765a47552b4c575a5153554d384c324e765a47552b5043397a64484a76626d632b49446f675132397463476c735a53426b6453426a6232526c49476c755a4d4f70634756755a4746756443426b5a53427a5953427762334e7064476c766269426c6269427477366c7462326c795a53416f50475674506c427663326c30615739754c556c755a4756775a57356b5a57353049454e765a4755384c32567450696b734947374471574e6c63334e6861584a6c49474e6863694231626d556762476c69636d4670636d6c6c49484268636e52685a384f705a5342775a585630494d4f7164484a6c49474e6f59584a6e77366c6c49473769674a6c7062584276636e526c49472f447553426c6269427477366c7462326c795a53427762335679494d4f7164484a6c49484268636e52685a384f705a53426c626e52795a5342776248567a61575631636e4d6763484a765a334a686257316c637a78696369417650676f38633352796232356e506a786a6232526c5069317a614746795a5751384c324e765a47552b5043397a64484a76626d632b49446f6754476c6c494856755a53427361574a7959576c7961575567634746796447466e77366c6c49474631494778705a5855675a4f4b416d5856754947563477366c6a64585268596d786c4c4342755a53426d6232356a64476c76626d356c49484631346f435a59585a6c5979426b5a584d675a6d6c6a61476c6c636e4d675932397463476c7377366c7a494756754946424a517a78696369417650676f384c33412b436a77766447512b436a77766448492b436a7776644746696247552b436a786f4d6a354577366c696457646e5957646c5043396f4d6a344b5047677a506b544471574a315a32646c636942735a53426a6232526c49484e7664584a6a5a54777661444d2b436a7877506c426c626d5268626e5167624755675a4d4f70646d5673623342775a57316c626e51734944787a64484a76626d632b6257563064475636494652505655705056564a544948527664584d676247567a49486468636d3570626d647a5043397a64484a76626d632b4c69424d5a584d6764324679626d6c755a334d67633239756443427377364167634739316369427762326c75644756794947526c6379426a6147397a5a584d67635856704947356c49484e76626e51676347467a49475a76636d50447157316c626e51675a47567a49475679636d5631636e4d675a573467633239704c4342766453427864575567624755675932397463476c735958526c645849676347563164434268636e4a68626d646c6369427759584967624856704c573344716d316c4947526c49475a68773664766269427462336c6c626d356c625756756443427a773774795a537767625746706379427864576b67626d5567633239756443427759584d676233556763484a76596d4669624756745a573530494842686379426a5a53427864575567646d393163794232623356735a586f67646e4a686157316c626e51675a6d4670636d557549456c73637942326233567a4948427977366c32615756755a484a76626e51675a475567626d3974596e4a6c6458676763484a76596d7a447147316c63794268645852795a57316c626e516759323974634778706358584471584d67773641675a4d4f70596e566e5a3256794947544471484d67624745675932397463476c7359585270623234755043397750676f3864474669624755675932786863334d39496d5a6c626d4e6c496a344b5048527949474e7359584e7a50534a6d5a57356a5a5331796233636950676f38644751675932786863334d39496d5a6c626d4e6c4c574e6c624777675a6d5675593255746332686c6247776950676f385a476c3249474e7359584e7a50534a6f6157646f62476c6e61485169506a7877636d552b50484e775957342b5043397a63474675506d646a597a787a6347467549474e7359584e7a50534a33496a34675043397a634746755069316a50484e77595734675932786863334d39496e6369506941384c334e775957342b4c56646862477738633342686269426a6247467a637a30696479492b4944777663334268626a34745632563464484a6850484e77595734675932786863334d39496e6369506941384c334e775957342b4c56646c636e4a76636a787a6347467549474e7359584e7a50534a33496a34675043397a6347467550693158626d3874645735316332566b4c584268636d46745a58526c636a787a6347467549474e7359584e7a50534a33496a34675043397a634746755069317650484e77595734675932786863334d39496e6369506941384c334e775957342b6257396b6457786c4c6d3838633342686269426a6247467a637a30696479492b4944777663334268626a357462325231624755755977706e59324d38633342686269426a6247467a637a30696479492b4944777663334268626a3474597a787a6347467549474e7359584e7a50534a33496a34675043397a63474675506931585957787350484e77595734675932786863334d39496e6369506941384c334e775957342b4c56646c654852795954787a6347467549474e7359584e7a50534a33496a34675043397a63474675506931585a584a7962334938633342686269426a6247467a637a30696479492b4944777663334268626a3474563235764c58567564584e6c5a43317759584a68625756305a584938633342686269426a6247467a637a30696479492b4944777663334268626a3474627a787a6347467549474e7359584e7a50534a33496a34675043397a63474675506d316861573475627a787a6347467549474e7359584e7a50534a33496a34675043397a63474675506d3168615734755977706e59324d38633342686269426a6247467a637a30696479492b4944777663334268626a3474627a787a6347467549474e7359584e7a50534a33496a34675043397a63474675506931585957787350484e77595734675932786863334d39496e6369506941384c334e775957342b4c56646c654852795954787a6347467549474e7359584e7a50534a33496a34675043397a63474675506d56345a574e316447466962475538633342686269426a6247467a637a30696479492b4944777663334268626a357459576c754c6d3838633342686269426a6247467a637a30696479492b4944777663334268626a3574623252316247557562776f384c3342795a5434384c325270646a344b436a77766447512b436a77766448492b436a78306369426a6247467a637a30695a6d567559325574636d3933496a344b5048526b49474e7359584e7a50534a6d5a57356a5a53316a5a57787349475a6c626d4e6c4c5752765979492b436a7877506a787a64484a76626d632b50474e765a47552b4c566468624777384c324e765a47552b5043397a64484a76626d632b49446f6751574e3061585a6c4948527664584d676247567a49486468636d3570626d647a494842796157356a615842686458677349484276645849676247567a49474e6f62334e6c637942776233526c626e52705a5778735a57316c626e516763484a76596d7a447157316864476c786457567a4c694138633352796232356e506c52766457707664584a7a4947567a6332567564476c6c62447776633352796232356e506a78696369417650676f38633352796232356e506a786a6232526c506931585a586830636d45384c324e765a47552b5043397a64484a76626d632b49446f6751574e3061585a6c4947526c6379423359584a756157356e6379427a64584277624d4f706257567564474670636d567a4c43427864576b6763475631646d56756443427a615764755957786c6369426b5a584d67593268766332567a49484631615342775a5856325a573530494d4f7164484a6c4948427962324a7377366c74595852706358566c6379427459576c7a49484631615342775a5856325a5735304947463163334e70494d4f7164484a6c49475a686158526c6379426c654842797736687a49436831626941385932396b5a54356a59584e6c5043396a6232526c5069427a5957357a4944786a6232526c506d4a795a5746725043396a6232526c506977675a47567a49474e7662584268636d4670633239756379426b5a53426a61474844726d356c6379426b5a53426a59584a685933544471484a6c63794268646d566a4944786a6232526c506a30395043396a6232526c50697767346f436d4b5377676233556763326c746347786c625756756443426b5a584d67593268766332567a49474a70656d4679636d567a494739314947563459384f705a47567564474670636d567a49436877595849675a58686c625842735a5342735a584d67646d4679615746696247567a4947393149484268636d467477366830636d567a49476c756458527062476c7a77366c7a4b53346750484e30636d39755a7a354e62326c756379426c63334e6c626e52705a57787a4947316861584d6763475631646d5675644342695a57463159323931634342686157526c636a7776633352796232356e50693438596e49674c7a344b50484e30636d39755a7a34385932396b5a54347456325679636d39795043396a6232526c506a7776633352796232356e506941364945786c6379423359584a756157356e6379426b5a585a705a5735755a5735304947526c6379426c636e4a6c64584a7a4c6942526457567a64476c766269426b5a53427763734f705a734f70636d56755932557550474a794943382b436a787a64484a76626d632b50474e765a47552b4c5664756279306d62485137626d39744947523149486468636d3570626d636d5a3351375043396a6232526c506a7776633352796232356e506941364945544471584e6859335270646d55676457346764324679626d6c755a79427a634d4f7059326c6d615846315a53346755474679494756345a5731776247557349474e704c57526c63334e31637942735a53426a6232317761577868644756316369426b6232357559576c304947526c6379423359584a756157356e637941385932396b5a543531626e567a5a575174634746795957316c644756795043396a6232526c50694268624739796379427864575567592b4b416d634f70644746706443427562334a7459577773494739754948426c645851675a473975597942735a584d675a4d4f706332466a64476c325a584938596e49674c7a344b5043397750676f384c33526b50676f384c33527950676f384c335268596d786c50676f3861444d2b5132397463476c735a58496763473931636942735a584d67623356306157787a4947526c4947544471574a315a3264685a3255384c32677a50676f38634435566269426b77366c696457646e5a5849675932397462575567523052434947393149475469674a6c68645852795a584d67623356306157787a49474e766257316c49465a68624764796157356b4948426c64585a6c626e516762574675615842316247567949473769674a6c7062584276636e526c494846315a5777675a586a4471574e3164474669624755734947316861584d676347393163694268646d39706369426b5a584d676157356d62334d67634778316379427763734f7059326c7a5a584d67633356794947786c49474e765a47556763323931636d4e6c49476c7349475a68645752795953423549474671623356305a5849675a47567a49484e3562574a766247567a4947526c4947544471574a315a3264685a32557349484e70626d39754947786c494731705a585634494846315a5342326233567a49474631636d563649474e6c49484e6c636d45676247567a4948427663326c30615739756379426b5957357a4947786c49474e765a4755676257466a61476c755a654b41727a6f384c33412b436a783059574a735a53426a6247467a637a30695a6d56755932556950676f38644849675932786863334d39496d5a6c626d4e6c4c584a766479492b436a78305a43426a6247467a637a30695a6d567559325574593256736243426d5a57356a5a53317a614756736243492b436a786b615859675932786863334d39496d68705a3268736157646f6443492b504842795a54343863334268626a34384c334e775957342b5a324e6a50484e77595734675932786863334d39496e6369506941384c334e775957342b4c574d38633342686269426a6247467a637a30696479492b4944777663334268626a34745a7a787a6347467549474e7359584e7a50534a33496a34675043397a634746755069317650484e77595734675932786863334d39496e6369506941384c334e775957342b6257396b6457786c4c6d3838633342686269426a6247467a637a30696479492b4944777663334268626a357462325231624755755977706e59324d38633342686269426a6247467a637a30696479492b4944777663334268626a3474597a787a6347467549474e7359584e7a50534a33496a34675043397a634746755069316e50484e77595734675932786863334d39496e6369506941384c334e775957342b4c573838633342686269426a6247467a637a30696479492b4944777663334268626a357459576c754c6d3838633342686269426a6247467a637a30696479492b4944777663334268626a357459576c754c6d4d4b5a324e6a50484e77595734675932786863334d39496e6369506941384c334e775957342b4c573838633342686269426a6247467a637a30696479492b4944777663334268626a356c6547566a64585268596d786c50484e77595734675932786863334d39496e6369506941384c334e775957342b625746706269357650484e77595734675932786863334d39496e6369506941384c334e775957342b6257396b6457786c4c6d384b50433977636d552b5043396b6158592b43676f384c33526b50676f384c33527950676f38644849675932786863334d39496d5a6c626d4e6c4c584a766479492b436a78305a43426a6247467a637a30695a6d567559325574593256736243426d5a57356a5a53316b62324d6950676f3863443438633352796232356e506a786a6232526c5069316e5043396a6232526c506a7776633352796232356e5069413649454e76625842706247556759585a6c597942735a584d6763336c74596d39735a584d675a4755675a4d4f70596e566e5a32466e5a53776764484c4471484d676458527062475567634756755a474675644342735a53426b77366c325a5778766348426c625756756443776777364167626d55676347467a4947786861584e7a5a5849675a573467636d56735a57467a5a53416f7736646849474673623356795a476c304c4342795957786c626e52706443426c64434444703245676247467063334e6c4948527959634f75626d56794947526c63794270626d5a766379427864575567646d3931637942755a534232623356735a586f676347467a4947786861584e7a5a5849675958567a63326b675a6d466a6157786c6379426b346f435a59574e6a7736687a49484e7049485a7664584d675a4d4f70646d5673623342775a586f67645734676247396e61574e705a57776763484a7663484a7077366c3059576c795a536b38596e49674c7a344b5043397750676f384c33526b50676f384c33527950676f384c335268596d786c50676f386144492b54334230615731706332463061573975494338764c793867623342306157317063324630615739755043396f4d6a344b5048412b544755675932397463476c735958526c64584967634756316443427977366c6862476c7a5a5849676457346759325679644746706269427562323169636d55675a4f4b416d57397764476c7461584e6864476c76626e4d67633356794947786c49474e765a4755675932397463476c7377366b75494546315a32316c626e526c636942735a53427561585a6c595855675a4f4b416d57397764476c7461584e6864476c7662694268645764745a5735305a584a684947786c4948526c6258427a4947526c49474e766258427062474630615739754c4342685932504471577a4471484a6c636d45674b4756754948526f77366c76636d6c6c4b534273346f435a5a586a4471574e3164476c766269426c64434274623252705a6d6c6c636d45675a475567634778316379426c626942776248567a4947786c49474e765a4755674b475276626d4d675a476c74615735315a584a6849484e76626942795958427762334a30494746325a574d67624755675932396b5a534276636d6c6e61573568624377675a473975597942735a5342795a57356b636d4567634778316379426b61575a6d61574e7062475567773641675a4d4f70596e566e5a3256794b533467535777675a584e3049475276626d4d6762576c6c64586767626d55676347467a4948563061577870633256794947786c63794276634852706232357a4947463164484a6c637942786457556750474e765a47552b4c55396e5043396a6232526c50694268646d4675644342735953426d615734675a4855675a4d4f70646d5673623342775a57316c626e51674b4d4f6749484268636e516763473931636942735a584d67596d56755932687459584a72637942696157567549485044753349704c6a77766344344b50485268596d786c49474e7359584e7a50534a6d5a57356a5a53492b436a78306369426a6247467a637a30695a6d567559325574636d3933496a344b5048526b49474e7359584e7a50534a6d5a57356a5a53316a5a57787349475a6c626d4e6c4c5752765979492b436a7877506a786c6254346f51325567633239756443426b5a584d67547942745957703163324e31624755705043396c62543438596e49674c7a344b50484e30636d39755a7a34385932396b5a543474547a45384c324e765a47552b5043397a64484a76626d632b49446f6755734f7059577870633255676247567a4947397764476c7461584e6864476c76626e4d675a475567596d467a5a5478696369417650676f38633352796232356e506a786a6232526c506931504d6a77765932396b5a5434384c334e30636d39755a7a34674f69424259335270646d5567644739316447567a4947786c637942766348527062576c7a595852706232357a4948504475334a6c6379346750484e30636d39755a7a354877366c7577366c795957786c62575675644342735a5342745a576c73624756316369426a6147397065447776633352796232356e506a78696369417650676f38633352796232356e506a786a6232526c506931504d7a77765932396b5a5434384c334e30636d39755a7a34674f69424259335270646d5567644739316447567a4947786c637942766348527062576c7a595852706232357a494846316153427459584a6a614756756443426b5957357a494778684948427364584268636e51675a47567a49474e6863797767634756316443427959584a6c625756756443426a5958567a5a5849675a47567a49474a315a334d38596e49674c7a344b50484e30636d39755a7a34385932396b5a54347454325a68633351384c324e765a47552b5043397a64484a76626d632b49446f6751574e3061585a6c494852766458526c637942735a584d67623342306157317063324630615739756379776762634f7162575567593256736247567a49484631615342775a5856325a573530494746736247567949474e76626e52795a5342735a53427a644746755a4746795a43416f59324631633246756443427759584a6d62326c7a4947526c4947647962334d6763484a76596d7a447147316c63796b38596e49674c7a344b50484e30636d39755a7a34385932396b5a54347454334d384c324e765a47552b5043397a64484a76626d632b49446f6754334230615731706332556762474567644746706247786c4947526c49477a69674a6c6c654d4f705933563059574a735a53416f6347563164434268646d39706369427a623234676157317762334a305957356a5a5342776233567949477a69674a6c6c62574a68636e463177366b6763474679494756345a5731776247557050474a794943382b436a787a64484a76626d632b50474e765a47552b4c55396e5043396a6232526c506a7776633352796232356e506941364945466a64476c325a5342735a584d67623342306157317063324630615739756379427864576b67626d55676347467959584e70644756756443427759584d67624755675a4d4f70596e566e5a32466e5a53776750484e30636d39755a7a35745a576c7362475631636d556762334230615739754948426c626d5268626e5167624755675a4d4f70646d5673623342775a57316c626e51384c334e30636d39755a7a3438596e49674c7a344b5043397750676f384c33526b50676f384c33527950676f384c335268596d786c50676f386144492b556d567a6347566a644756794948567549484e305957356b59584a6b5043396f4d6a344b5048412b554739316369426b61585a6c636e4e6c6379427959576c7a6232357a4943687762334a3059574a7062476c3077366b7349474e766258426864476c6961577870644d4f704c43426c64474d754b537767646d393163794277623356325a586f67646d393162473970636942795a584e775a574e305a5849676457346763335268626d5268636d51676347467964476c6a645778705a5849675a485567624746755a32466e5a533467566d393163794277623356325a586f675a476c795a5342686453426a6232317761577868644756316369426b5a53426a623231776157786c63694277623356794948567549474e6c636e52686157346763335268626d5268636d51674b475276626d4d675a47556764734f70636d6c6d615756794947786849484e35626e5268654755675a4755675932556763335268626d5268636d51675a5851675a4f4b416d585630615778706332567949484e6849477870596e4a6861584a705a53427a644746755a4746795a436b674f6a77766344344b50485268596d786c49474e7359584e7a50534a6d5a57356a5a53492b436a78306369426a6247467a637a30695a6d567559325574636d3933496a344b5048526b49474e7359584e7a50534a6d5a57356a5a53316a5a57787349475a6c626d4e6c4c5752765979492b436a7877506a787a64484a76626d632b50474e765a47552b4c584e305a44306d6248513763335268626d5268636d516d5a3351375043396a6232526c506a7776633352796232356e506941364946563061577870633255676247556763335268626d5268636d51675a4756745957356b77366b674b48523563476c78645756745a5735304944786a6232526c506d4d344f5477765932396b5a5434734944786a6232526c506d4d354f5477765932396b5a5434734944786a6232526c506d4d784d5477765932396b5a54347050474a794943382b436a787a64484a76626d632b50474e765a47552b4c58426c5a47467564476c6a5043396a6232526c506a7776633352796232356e506941364946624471584a705a6d6c6c494846315a5342735a53426a6232526c49484a6c6333426c5933526c49484e30636d6c6a644756745a5735304947563049484a705a323931636d5631633256745a5735304947786c49484e305957356b59584a6b4943686b346f435a61474669615852315a47556752304e4449475630494778684948463159584e704c58527664474673615854447153426b5a584d675932397463476c735958526c64584a7a49485276624d4f6f636d56756443426a5a584a3059576c756379444471574e68636e527a4b5478696369417650676f38633352796232356e506a786a6232526c50693168626e4e705043396a6232526c506a7776633352796232356e506941364946563061577870633255676247556763335268626d5268636d51675155355453534276636d6c6e615735686243416f77366c7864576c325957786c626e51677736416750474e765a47552b4c584e305a44316a4f446b384c324e765a47552b4b53346751585a6c597941385932396b5a5434745957357a615341746347566b5957353061574d384c324e765a47552b4c434444703245676157317762476c78645755676358566c49485a7664484a6c49474e765a4755675932397463476c735a584a6849484e3163694268596e4e76624856745a57353049473769674a6c7062584276636e526c494846315a5777675932397463476c735958526c645849675179416f6358567049473168636d4e6f5a536b7550474a794943382b436a77766344344b504339305a44344b50433930636a344b5043393059574a735a54344b50476779506c4276645849676247567a49474e31636d6c6c645867384c32677950676f3863443554615342766269427a5a53427a62335632615756756443426b5a5342735953426a61474844726d356c4947526c49474e7662584270624746306157397549446f384c33412b436a7877506d4e765a47556763323931636d4e6c4943306763484c447158427962324e6c63334e70626d63674c53426a623231776157786864476c76626941744947467a63325674596d78685a3255674c5344447157527064476c766269426b5a53427361575675637941744947563477366c6a64585268596d786c5043397750676f38634435576233567a4948427664585a6c65694268636e4c44716e526c636942735a534277636d396a5a584e7a64584d677736416762754b416d576c7463473979644755676358566c6243427762326c756443426b5a53426a5a5778735a53316a615342776233567949485a76615849675932556763585869674a6c706243426c626942795a584e7a62334a304c69444468324567626d5567633256796443427759584d67773641675a334a68626d517459326876633255677736416762573970626e4d675a4f4b416d58567549474a315a79427759584a3061574e3162476e4471484a6c625756756443423062334a6b6453426b5957357a494856755a53427459574e79627942766453426b5a53426d59576c795a53426b5a534273346f435a623342306157317063324630615739754947463149473570646d56686453426b6453426a6232526c4947467a63325674596d786c645849734947316861584d677736646849484a6c6333526c49476c75644d4f70636d567a63324675644341365043397750676f3864474669624755675932786863334d39496d5a6c626d4e6c496a344b5048527949474e7359584e7a50534a6d5a57356a5a5331796233636950676f38644751675932786863334d39496d5a6c626d4e6c4c574e6c624777675a6d5675593255745a47396a496a344b5048412b50484e30636d39755a7a34385932396b5a543474525477765932396b5a5434384c334e30636d39755a7a34674f694242636e4c44716e526c4947467763734f6f637942735a53427763734f7063484a765932567a63326c755a79416f5a473975626d5567624755675932396b5a5342444947467763734f6f6379427759584e7a5957646c494752314948427977366c77636d396a5a584e7a5a5856794b5478696369417650676f38633352796232356e506a786a6232526c506931545043396a6232526c506a7776633352796232356e506941364945467963734f7164475567595842797736687a4947786849474e766258427062474630615739754943686b623235755a5342735a53426a6232526c4947467a63325674596d786c64584967635856704947567549484c4471584e316248526c4b5478696369417650676f38633352796232356e506a786a6232526c5069316a5043396a6232526c506a7776633352796232356e506941364945467963734f7164475567595842797736687a49477a69674a6c6863334e6c62574a735957646c4943686b623235755a53426b5a584d675a6d6c6a61476c6c636e4d6762324a715a58527a49474e7662584270624d4f7063796b38596e49674c7a344b5043397750676f384c33526b50676f384c33527950676f384c335268596d786c50676f3d);

-- --------------------------------------------------------

--
-- Dumping data for table `exercise_topic`
--


-- --------------------------------------------------------


--
-- Dumping data for table `user`
--



COMMIT;

/*!40101 SET CHARACTER_SET_CLIENT=@OLD_CHARACTER_SET_CLIENT */;
/*!40101 SET CHARACTER_SET_RESULTS=@OLD_CHARACTER_SET_RESULTS */;
/*!40101 SET COLLATION_CONNECTION=@OLD_COLLATION_CONNECTION */;
